<?xml version="1.0" encoding="UTF-8"?>
<beans xmlns="http://www.springframework.org/schema/beans"
	xmlns:xsi="http://www.w3.org/2001/XMLSchema-instance"
	xsi:schemaLocation="http://www.springframework.org/schema/beans http://www.springframework.org/schema/beans/spring-beans.xsd">

	<bean id="e" class="com.domain.Employee">
		<property name="id" value="100" />
		<property name="name" value="divyesh" />
		<property name="salary" value="100" />
	</bean>

	<bean id="e2" class="com.domain.Employee">
		<constructor-arg index="0" value="2" />
		<constructor-arg index="1" value="divyesh" />
		<constructor-arg index="2" value="10000" />

	</bean>

	<bean id="order" class="com.domain.Order" autowire="constructor">
	
		<!-- <property name="item" ref="i"></property> -->
	</bean>
	
	<bean id="i" class="com.domain.Item">
		<property name="name" value="LG"></property>
	</bean>
	
	<bean id="item" class="com.domain.Item">
		<property name="name" value="Sony"></property>
	</bean>
	
	<!-- <import resource="com/domain/mybean.xml"/> -->
	<import resource="classpath:com/domain/mybeans-student.xml"/>


</beans>
 