<?xml version="1.0" encoding="UTF-8"?>
<beans xmlns="http://www.springframework.org/schema/beans"
	xmlns:xsi="http://www.w3.org/2001/XMLSchema-instance"
	xsi:schemaLocation="http://www.springframework.org/schema/beans http://www.springframework.org/schema/beans/spring-beans.xsd">

	<bean id="student" class="com.domain.Student" scope="prototype">
		<property name="marks">
			<array>
				<value>99</value>
				<value>89</value>
				<value>50</value>
			</array>
		</property>
		<property name="names">
			<list>
				<value> John</value>
				<value>Nishu</value>
				<value>tillu</value>
			</list>
		</property>

		<property name="address">
			<set>
				<value>FG Road</value>
				<value>JM Road</value>
				<value>MG Road</value>
			</set>
		</property>

		<property name="pairs">
			<map>
				<entry key="K1" value="V1" />
				<entry key="K2" value="V2" />
				<entry key="K3" value="V1" />
			</map>
		</property>

		<property name="properties">
			<props>
				<prop key="P1">V1</prop>
				<prop key="P1">V2</prop>
				<prop key="P1">V3</prop>
			</props>
		</property>
	</bean>
</beans>
