<?xml version="1.0" encoding="UTF-8"?>
<beans xmlns="http://www.springframework.org/schema/beans"
	xmlns:xsi="http://www.w3.org/2001/XMLSchema-instance"
	xmlns:context="http://www.springframework.org/schema/context"
	xmlns:mvc="http://www.springframework.org/schema/mvc"
	xsi:schemaLocation="http://www.springframework.org/schema/mvc http://www.springframework.org/schema/mvc/spring-mvc-3.2.xsd
		http://www.springframework.org/schema/beans http://www.springframework.org/schema/beans/spring-beans.xsd
		http://www.springframework.org/schema/context http://www.springframework.org/schema/context/spring-context-3.2.xsd">

	<context:component-scan base-package="con.restcontroller"></context:component-scan>

	<bean id="mappingJackson2HttpMessageConverter"
		class="org.springframework.http.converter.json.MappingJackson2HttpMessageConverter" />

	<bean id="marshallingHttpMessageConverter"
		class="org.springframework.http.converter.xml.MarshallingHttpMessageConverter">
		<constructor-arg ref="jaxb2Marshaller" />
	</bean>

	<bean id="jaxb2Marshaller" class="org.springframework.oxm.jaxb.Jaxb2Marshaller">
		<property name="classesToBeBound">
			<array>
				<value>com.domain.Student</value>
			</array>
		</property>
	</bean>

	<bean id="annotationMethodHandlerAdapter"
		class="org.springframework.web.servlet.mvc.annotation.AnnotationMethodHandlerAdapter">
		<property name="messageConverters">
			<array>
				<ref local="mappingJackson2HttpMessageConverter" />
				<ref local="marshallingHttpMessageConverter" />
			</array>
		</property>
	</bean>

<mvc:annotation-driven></mvc:annotation-driven>
</beans>
