<?xml version="1.0" encoding="UTF-8"?>
<beans xmlns="http://www.springframework.org/schema/beans"
	xmlns:xsi="http://www.w3.org/2001/XMLSchema-instance"
	xmlns:context="http://www.springframework.org/schema/context"
	xsi:schemaLocation="http://www.springframework.org/schema/beans http://www.springframework.org/schema/beans/spring-beans.xsd
		http://www.springframework.org/schema/context http://www.springframework.org/schema/context/spring-context-3.2.xsd">

<context:component-scan base-package="com.shop"></context:component-scan>


<!-- below 3 lines will replace the above single line
<bean class="org.springframework.context.annotation.CommonAnnotationBeanPostProcessor"></bean>
<bean class="org.springframework.beans.factory.annotation.AutowiredAnnotationBeanPostProcessor"/>
<bean class="org.springframework.beans.factory.annotation.RequiredAnnotationBeanPostProcessor"> </bean> -->

<!-- class ProductConfig
@Configuration
@Bean(name="product")
@Bean(name="product2")
	<bean id="product" class="com.shop.Product">
		<property name="name" value="LG" />
		<property name="price" value="10000" />
	</bean>

	<bean id="product2" class="com.shop.Product">
		<property name="name" value="Sony" />
		<property name="price" value="20000" />
	</bean>
 -->


	<!-- @Component(value="cart")
    @Scope("prototype")
	<bean id="cart" class="com.shop.ShoppingCart" scope="prototype"></bean> -->



	<!-- @Value("${path}")
	
	
	@Component(value="jerry")
	@PostConstruct
	@PreDestroy
	<bean id="jerry" class="com.shop.Cashier" init-method="start"
		destroy-method="stop">
		<property name="path" value="${path}" />
	</bean> -->

	<bean
		class="org.springframework.beans.factory.config.PropertyPlaceholderConfigurer">
		<property name="locations">
			<array>
				<value>path.properties</value>

			</array>
		</property>


	</bean>

	<bean id="messageSource"
		class="org.springframework.context.support.ResourceBundleMessageSource">
		<property name="basename">
			<value>message</value>

		</property>


	</bean>
	
	
	<!-- @Component -->
	<!-- <bean class="com.shop.PathCheckingPostProcessor"></bean> -->

</beans>
