<?xml version="1.0" encoding="UTF-8"?>
<beans xmlns="http://www.springframework.org/schema/beans"
	xmlns:xsi="http://www.w3.org/2001/XMLSchema-instance"
	xsi:schemaLocation="http://www.springframework.org/schema/beans http://www.springframework.org/schema/beans/spring-beans.xsd">

	<bean id="product" class="com.shop.Product">
		<property name="name" value="LG" />
		<property name="price" value="10000" />
	</bean>

	<bean id="product2" class="com.shop.Product">
		<property name="name" value="Sony" />
		<property name="price" value="20000" />
	</bean>

	<bean id="cart" class="com.shop.ShoppingCart" scope="prototype"></bean>


	<bean id="jerry" class="com.shop.Cashier" init-method="start"
		destroy-method="stop">

		<property name="path" value="${path}" />
	</bean>

	<bean
		class="org.springframework.beans.factory.config.PropertyPlaceholderConfigurer">
		<property name="locations">
			<array>
				<value>path.properties</value>

			</array>
		</property>


	</bean>

	<bean id="messageSource"
		class="org.springframework.context.support.ResourceBundleMessageSource">
		<property name="basename">
			<value>message</value>

		</property>


	</bean>

	<bean class="com.shop.PathCheckingPostProcessor"></bean>

</beans>
